title,lat,lon,photo_filename
Anica Kuk,44.296347,15.469162,anica_kuk.jpg
Bridalveil Falls East,37.718528,-119.669997,bridalveil_falls_east.jpg
City Of Rocks 1,42.125605,-113.650787,city_of_rocks_1.jpg
Courtright Reservoir,37.072553,-118.965937,courtright_reservoir.jpg
Epinephrine,36.035255,-115.468103,epinephrine.jpg
Hetch Hetchy,37.962447,-119.754622,hetchhetchy.jpg
Hvar,43.149175,16.884212,hvar.jpg
Liming 1,27.028503,99.676338,liming-1.jpg
Newhalem,48.678422,-121.243422,newhalem.jpg
Oz,37.864610,-119.422150,oz.jpg
Prusik Peak,47.487205,-120.784692,prusik_peak.jpg
Psychotropic Flautist,34.916497,-111.872262,psychotropic_flautist.jpg
Rockfellow,31.926880,-109.978675,rockfellow.jpg
Rubio Y Azul,-49.288925,-73.081367,rubio-y-azul.jpg
Totem Proto,33.275883,-111.029411,totem_proto.jpg
Vilanova De Meia,42.021720,1.029880,vilanova_de_meià.jpg
Washington Pass,48.512742,-120.658638,washington_pass.jpg
Alta,40.560275,-111.645522,alta.jpg
Angle Wings,36.571730,-118.584490,angle_wings.jpg
Asahidake,43.663600,142.854100,asahidake.jpg
Astro Gil,36.918800,-118.781000,astro_gil.jpg
Battle Of The Bulge,38.038370,-109.549170,battle_of_the_bulge.jpg
Big Time,36.607563,-118.698075,big_time.jpg
Bubbs Creek,36.771430,-118.472847,bubbs_creek.jpg
Calaveras Dome,38.488828,-120.227075,calaveras_dome.jpg
Castle Rock Spire,36.508725,-118.718528,castle_rock_spire.jpg
Castleton,38.651000,-109.367800,castleton.jpg
Charleston,36.251695,-115.647112,charleston.jpg
City Of Rocks,42.067692,-113.705033,city_of_rocks.jpg
Cloud Tower,36.112100,-115.489770,cloud_tower.jpg
Cochamo,-41.436400,-72.108200,cochamo.jpg
Cochamo 2,-41.436400,-72.108200,cochamo_2.jpg
Cochise,31.851745,-110.004769,cochise.jpg
Colchuck,47.495422,-120.835480,colchuck.jpg
Conness,37.976247,-119.317300,conness.jpg
Crimp On Crimp,34.903670,-111.758070,crimp_on_crimp.jpg
Devils Tower,44.590480,-104.715070,devils_tower.jpg
Dominican Republic,19.763730,-70.422875,dominican_republic.jpg
East Arete Summit,36.555810,-118.594020,east_arete_summit.jpg
El Cap Spire,37.730510,-119.638280,el_cap_spire.jpg
El Cumbre,-41.448880,-72.119190,el_cumbre.jpg
El Monstruo,-41.448880,-72.119190,el_monstruo.jpg
Elephants Perch,44.069245,-114.973428,elephants_perch.jpg
Fay Buttress,34.917600,-111.872995,fay_buttress.jpg
Fay Canyon,34.908463,-111.760192,fay_canyon.jpg
Fitz,-49.280138,-72.985655,fitz.jpg
Fitz Roy,-49.280138,-72.985655,fitz_roy.jpg
Flight Path,34.807400,-111.736192,flight_path.jpg
Frey,-41.150000,-71.816700,frey.jpg
Golden Gate,37.815063,-122.479203,golden_gate.jpg
Gram Traverse,37.864610,-119.422150,gram_traverse.jpg
Half Dome,37.742645,-119.535888,half_dome.jpg
Hamilton Bivy,36.554117,-118.589522,hamilton_bivy.jpg
Hamilton Dome,36.555810,-118.594020,hamilton_dome.jpg
Harding Slot,37.747780,-119.559000,harding_slot.jpg
Hetch Hetchy,37.963387,-119.754212,hetch_hetchy.jpg
Ho Chi Minh,37.718478,-119.636322,hochimihn.jpg
Indian Creek,38.025740,-109.539870,indian_creek.jpg
Jaded Lady,42.858600,-109.303383,jaded_lady.jpg
Jordan,30.328500,35.444400,jordan.jpg
Jordania,30.328500,35.444400,jordania.jpg
Jtree,33.993855,-116.060150,jtree.jpg
Karate Crack,44.366500,-121.145640,karate_crack.jpg
Kiroro,43.040836,141.012147,kiroro.jpg
Kiroro Bc,43.035058,141.020155,kiroro_bc.jpg
Krabi,8.003560,98.840410,krabi.jpg
Layaway Plan,38.036790,-109.577400,layaway_plan.jpg
Liberty Bell,48.517238,-120.655555,liberty_bell.jpg
Liming,27.025980,99.683920,liming.jpg
Lost Arrow Spire,37.756355,-119.594147,lost_arrow_spire.jpg
Mickeys Beach,37.885712,-122.629700,mickeys_beach.jpg
Mighty Mouse,50.392075,-122.585420,mighty_mouse.jpg
Mormon Canyon,34.905628,-111.765945,mormon_canyon.jpg
Mount Hooker,42.858833,-109.303213,mount_hooker.jpg
Mouses Tooth,50.392055,-122.585762,mouses_tooth.jpg
Mt Florida,34.904163,-111.758255,mt_florida.jpg
Mt Hooker,42.858520,-109.303130,mt_hooker.jpg
Oman,23.050000,57.500000,oman.jpg
Oman 1,23.050000,57.500000,oman_1.jpg
On The Lamb,37.869320,-119.425880,on_the_lamb.jpg
Paklenica,44.307305,15.474070,paklenica.jpg
Panther Peak,36.583008,-118.715622,panther_peak.jpg
Perch,44.069000,-114.973000,perch.jpg
Pine Creek,36.132545,-115.489037,pine_creek.jpg
Pitch 100,44.307080,15.480753,pitch_100.jpg
Potrero Chico,25.950703,-100.476988,potrero_chico.jpg
Rainbow Wall,36.109780,-115.496217,rainbow_wall.jpg
Salathe,37.730510,-119.638280,salathe.jpg
Salathe Headwall,37.730510,-119.638280,salathe_headwall.jpg
Scarface,38.025740,-109.539870,scarface.jpg
Sedona,34.802913,-111.726800,sedona.jpg
Separate Reality,37.720200,-119.719460,separate_reality.jpg
Sequoia,36.486400,-118.565800,sequoia.jpg
Sheep Shead,31.869867,-109.993592,sheep_shead.jpg
Shuteye Ridge,37.360345,-119.414695,shuteye_ridge.jpg
Smith Rocks,44.368200,-121.142600,smith_rocks.jpg
Snake Dike,37.742645,-119.535888,snake_dike.jpg
Snow Canyon Aftershock,37.196770,-113.643425,snow_canyon_aftershockheic.jpg
So Revival,34.905562,-111.766022,so_revival.jpg
Southern Revival,34.802912,-111.726830,southern_revival.jpg
Spring Lake,36.467033,-118.560045,spring_lake.jpg
Squamish,49.681495,-123.145447,squamish.jpg
Supercave,48.547930,-120.639750,supercave.jpg
Sword Stone,36.537760,-118.310630,sword_stone.jpg
Tallac,38.913837,-120.093278,tallac.jpg
Tehipite,36.918463,-118.780830,tehipite.jpg
The Bay,37.905033,-122.397125,the_bay.jpg
The Diamond,37.064075,-113.821913,the_diamond.jpg
The Fin,36.508775,-118.718475,the_fin.jpg
The Fins,43.727122,-113.081720,the_fins.jpg
The Needles,36.107430,-118.480208,the_needles.jpg
The Nose,37.730510,-119.638280,the_nose.jpg
The Teapot,34.874225,-111.731588,the_teapot.jpg
Thin Ice,36.107789,-118.480767,thin_ice.jpg
Tokopah,36.622230,-118.700303,tokopah.jpg
Torres Del Paine,-50.942300,-73.406800,torres_del_paine.jpg
Trinity Alps,41.174808,-122.334358,trinity_alps.jpg
Upper Index Wall,47.823087,-121.568245,upper_index_wall.jpg
Upper Mount Wilson,34.905670,-111.752190,upper_mount_wilson.jpg
Valle Cochamo,-41.411700,-72.124700,valle_cochamo.jpg
Verdi,39.491567,-120.042228,verdi.jpg
Watchtower,36.607460,-118.699170,watchtower.jpg
Waterfall,34.931553,-111.732697,waterfall.jpg
Wenden,46.753290,8.397350,wenden.jpg
Wendenstock,46.753290,8.397350,wendenstock.jpg
Wendenstock 1,46.753290,8.397350,wendenstock_1.jpg
Whitney,36.578440,-118.292280,whitney.jpg
Whitney Massif,36.580445,-118.285295,whitney_massif.jpg
Wild Granites,39.070933,-117.214692,wild_granites.jpg
Windy Peak,36.015853,-115.467087,windy_peak.jpg
Zion,37.222837,-112.964112,zion.jpg
Beyond Lunacy,37.72439,-119.70063,beyond_lunacy.jpg
Castle Valley,38.6836,-109.4227,castle_valley.jpg
Chuckwalla,37.13919,-113.60558,chuckwalla.jpg
Courthouse,34.801,-111.75488,courthouse.jpg
Edge Of Time Arete,37.06686,-118.60981,edge-of-time-arete.jpg
Hulk,38.12188,-119.41522,hulk.jpg
Mars Attacks,36.15947,-115.2899,mars_attacks.jpg
Mazama,48.59337,-120.40579,mazama.jpg
Money Shot,36.92802,-119.09471,money_shot.jpg
North Dome,37.75783,-119.56211,north_dome.jpg
Patterson,36.92802,-119.09471,patterson.jpg
Perfect Vision,37.71439,-119.63469,perfect_vision.jpg
Riding On The Wind,37.70879,-119.66567,riding-on-the-wind.jpg
Saber Ridge,36.59299,-118.57082,saber_ridge.jpg
South Sixshooter,38.12093,-109.65158,south_sixshooter.jpg
Stronghold,31.9299,-110.0095,stronghold.jpg
The Dry,31.79011,-110.39865,the_dry.jpg
Underworld,37.31949,-113.71786,underworld.jpg
Undisclosed,37.01467,-118.96757,undisclosed.jpg
Wall Of Ages,37.71608,-119.64729,wall_of_ages.jpg
Watkins,37.78289,-119.51727,watkins.jpg
