Date,Route,Rating,Notes,Pitches,URL,Lat and long
2026-12-31,Blood Brother,5.10c,,5,https://www.mountainproject.com/route/110048844/blood-brother,"31.93969, -109.99315"
2026-12-30,Old School Executioner,5.12c,,1,https://www.mountainproject.com/route/107105683/old-school-executioner,"31.92201, -110.00142"
2026-12-30,Stiletto,5.11b,,1,https://www.mountainproject.com/route/107063456/stiletto,"31.92201, -110.00142"
2026-12-30,Tombstone Crack,5.10+ PG13,,1,https://www.mountainproject.com/route/106597054/tombstone-crack,"31.92201, -110.00142"
2026-12-29,The Inevitable Awaits You,5.11a,,3,https://www.mountainproject.com/route/106561688/the-inevitable-awaits-you,"31.87115, -109.99528"
2026-12-28,Mad Cow Disease,5.11,no cams/nuts used,6,https://www.mountainproject.com/route/106688286/mad-cow-disease,"31.87031, -109.99388"
2026-01-02,Clumsy,5.12a,,2,https://www.mountainproject.com/route/105900137/clumsy,"34.66851, -116.98054"
2026-01-02,My Bloody Valentine,5.10a,,1,https://www.mountainproject.com/route/110089922/my-bloody-valentine,"34.67094, -116.98414"
2026-01-02,Tear in My Heart,5.11b/c,,1,https://www.mountainproject.com/route/125585135/tear-in-my-heart,"34.67094, -116.98414"
2026-01-02,Snow White,5.10d,,1,https://www.mountainproject.com/route/105926327/snow-white,"34.67068, -116.98328"
2026-01-02,White Out,5.10b,,1,https://www.mountainproject.com/route/105923015/white-out,"34.67068, -116.98328"
2025-12-30,Get The Flock Out Of Here,5.10+,"No 3, 4, nuts or anything smaller than black totem used.  Can protect traverse with a 2.  Excellent line.",5,https://www.mountainproject.com/route/106151707/get-the-flock-out-of-here,"31.87031, -109.99388"
2025-12-26,Underwhere,5.12c,,2,https://www.mountainproject.com/route/109590958/underwhere,"31.69154, -110.42929"
2025-12-26,Log Jammin',5.12b,,2,https://www.mountainproject.com/route/118836349/log-jammin,"31.69154, -110.42929"
2025-12-26,Snare the Spare,5.11+,,1,https://www.mountainproject.com/route/116575678/snare-the-spare,"31.69154, -110.42929"
2025-12-26,"Always Welcome, Never Invited",5.10a,,1,https://www.mountainproject.com/route/116109794/always-welcome-never-invited,"31.69161, -110.42865"
2025-12-26,You're Welcome,5.8,,1,https://www.mountainproject.com/route/118350608/youre-welcome,"31.69161, -110.42865"
2025-12-25,Veganator,5.12a,,2,https://www.mountainproject.com/route/105802889/veganator,"31.79395, -110.39916"
2025-12-25,A Climb Called Quest,5.12a,,1,https://www.mountainproject.com/route/113367130/a-climb-called-quest,"31.79395, -110.39916"
2025-12-25,Unicorn Infestation,5.10d,,2,https://www.mountainproject.com/route/113368773/unicorn-infestation,"31.79395, -110.39916"
2025-12-23,Crimp on Crimp Crime,5.11,"p1 grey tcu - 1, #10 stopper
p2 2x purple totem
p3 blue totem 
p5 .3 or .4

best route in sedona ",5,https://www.mountainproject.com/route/114030324/crimp-on-crimp-crime,"34.90367, -111.75807"
2025-12-22,Psychotropic Flautist,5.12-,,5,https://www.mountainproject.com/route/116199430/psychotropic-flautist,"34.91652, -111.87264"
2025-12-21,Lord Humongous,5.11,,1,https://www.mountainproject.com/route/105849210/lord-humongous,"34.93186, -111.73298"
2025-12-21,Black and Tan,5.1,,1,https://www.mountainproject.com/route/105849207/black-and-tan,"34.93186, -111.73298"
2025-11-30,Alias,5.10d,,1,https://www.mountainproject.com/route/107740090/alias,"37.31949, -113.71786"
2025-11-30,In the Moment,5.10+,excellent line,1,https://www.mountainproject.com/route/123582425/in-the-moment,"37.31949, -113.71786"
2025-11-30,Hungry Ghosts aka Preta,5.12-,,1,https://www.mountainproject.com/route/200393068/hungry-ghosts-aka-preta,"37.31949, -113.71786"
2025-11-28,The Garden Of Eden,5.10d,,1,https://www.mountainproject.com/route/105718210/the-garden-of-eden,"37.13919, -113.60558"
2025-11-28,Carapace,5.11a,,1,https://www.mountainproject.com/route/106375925/carapace,"37.1498, -113.61204"
2025-11-28,Second Coming,5.12a,,1,https://www.mountainproject.com/route/105718207/second-coming,"37.13919, -113.60558"
2025-11-28,Pilgrimage,5.12a,,1,https://www.mountainproject.com/route/106375496/pilgrimage,"37.13919, -113.60558"
2025-11-28,Banana Dance,5.11d,,1,https://www.mountainproject.com/route/106375869/banana-dance,"37.1498, -113.61204"
2025-11-28,Farmers Market,5.11c,,1,https://www.mountainproject.com/route/105936627/farmers-market,"37.1498, -113.61204"
2025-11-28,Gopherus Agassizi,5.11,,1,https://www.mountainproject.com/route/106383267/gopherus-agassizi,"37.1498, -113.61204"
2025-11-28,Knuckle Bones,5.10d,,1,https://www.mountainproject.com/route/105812621/knuckle-bones,"37.1498, -113.61204"
2025-11-28,Voodoo Economics,5.8,,1,https://www.mountainproject.com/route/105938399/voodoo-economics,"37.1498, -113.61204"
2025-11-27,Aftershock,5.11b PG13,,4,https://www.mountainproject.com/route/106294455/aftershock,"37.1967, -113.6435"
2025-11-26,Child Support,5.10c,,1,https://www.mountainproject.com/route/121554939/child-support,"37.06547, -113.82085"
2025-11-26,Alimony,5.10c,,1,https://www.mountainproject.com/route/121538843/alimony,"37.06547, -113.82085"
2025-11-26,Clarity,5.11a,,1,https://www.mountainproject.com/route/113867304/clarity,"37.06547, -113.82085"
2025-11-25,Duncle,5.11c,,1,https://www.mountainproject.com/route/119843353/duncle,"37.06547, -113.82085"
2025-11-24,Two Chains,5.12b,,1,https://www.mountainproject.com/route/120491180/two-chains,"37.06547, -113.82085"
2025-11-24,Flawless,5.12a,,1,https://www.mountainproject.com/route/119972545/flawless,"37.06547, -113.82085"
2025-11-24,Brilliance,5.12b,,1,https://www.mountainproject.com/route/113867454/brilliance,"37.06547, -113.82085"
2025-11-24,Cullinan,5.10c,,1,https://www.mountainproject.com/route/121538821/cullinan,"37.06547, -113.82085"
2025-11-24,Pink Panther,5.10c,,1,https://www.mountainproject.com/route/120637154/pink-panther,"37.06547, -113.82085"
2025-11-23,Three Pump Chump,5.12a,,1,https://www.mountainproject.com/route/109456277/three-pump-chump,"37.13323, -113.84403"
2025-11-23,Sunset Lanes,5.11d,,1,https://www.mountainproject.com/route/109456245/sunset-lanes,"37.13323, -113.84403"
2025-11-23,Grasshopper,5.10a,,1,https://www.mountainproject.com/route/110586713/grasshopper,"37.13215, -113.8418"
2025-11-23,Hop Rising,5.11a,,1,https://www.mountainproject.com/route/109458456/hop-rising,"37.13215, -113.8418"
2025-11-23,Hop Stoopid,5.11b,,1,https://www.mountainproject.com/route/119937564/hop-stoopid,"37.13215, -113.8418"
2025-11-23,Drunken Barbecue,5.12c,,1,https://www.mountainproject.com/route/111892119/drunken-barbecue,"37.13215, -113.8418"
2025-11-23,Oh Yeah,5.10a,,1,https://www.mountainproject.com/route/112565066/oh-yeah,"37.13401, -113.84451"
2025-11-23,Hell Yeah,5.10c,,1,https://www.mountainproject.com/route/111362744/hell-yeah,"37.13401, -113.84451"
2025-11-23,Finally Legal,5.12a,,1,https://www.mountainproject.com/route/109818094/finally-legal,"37.13401, -113.84451"
2025-08-22,Appassionata,5.10c/d,Excellent line,1,https://www.mountainproject.com/route/110708997/appassionata,"47.43776, -121.68247"
2025-08-21,Primus,5.11a,,1,https://www.mountainproject.com/route/106006893/primus,"47.43994, -121.67544"
2025-08-20,Gold Rush,5.11b,So great,1,https://www.mountainproject.com/route/117699355/gold-rush,"47.49724, -121.75454"
2025-08-20,BLM-6,5.10d,,1,https://www.mountainproject.com/route/105840317/blm-6,"47.49795, -121.7549"
2025-08-19,Spent,5.11b,One hard move if you’re short but it goes,1,https://www.mountainproject.com/route/118123215/spent,"47.49795, -121.7549"
2025-08-19,Son of Jesus,5.10c,,1,https://www.mountainproject.com/route/106386267/son-of-jesus,"47.49795, -121.7549"
2025-08-19,Opening Act,5.9,,1,https://www.mountainproject.com/route/107239645/opening-act,"47.49795, -121.7549"
2025-08-18,The Man From Nantucket,5.11a,,2,https://www.mountainproject.com/route/126463971/the-man-from-nantucket,"47.49795, -121.7549"
2025-08-18,Ribald Limerick,5.10+,,2,https://www.mountainproject.com/route/126464042/ribald-limerick,"47.54062, -121.58402"
2025-08-17,The Nameless Tower,5.10d,So fun,1,https://www.mountainproject.com/route/107759719/the-nameless-tower,"47.4969, -121.75467"
2025-08-14,Golden Road,5.11c,Skipped the boulder start,5,https://www.mountainproject.com/route/106255312/golden-road,"47.82354, -121.56683"
2025-08-11,One Piece at a Time,5.10d,"No 4, crux purple bd nut, black blue totem .75.  Link 2-3. 

After than decent I am a bush whacking god.  Fun route.  ",6,https://www.mountainproject.com/route/120102674/one-piece-at-a-time,"48.5458, -120.64786"
2025-06-29,Thin Ice,5.10b,,3,https://www.mountainproject.com/route/105834294/thin-ice,"36.10745, -118.48148"
2025-06-08,Steck-Salathe,5.10-,"Doubles blue totem to 2, single black totem, 3-5. No nuts.  Narrows only 4, 5, .5, slings next time. In the descent gully stay far right, once on the open slab between both streams head right and bushwhack  ",15,https://www.mountainproject.com/route/105862873/steck-salathe,"37.72958, -119.59381"
2025-05-24,Liquid Jesus,5.11c,,1,https://www.mountainproject.com/route/105901689/liquid-jesus,"35.85132, -118.27525"
2025-01-02,All's Well That Ends Well,5.11-,Ended on Poetry. ,5,https://www.mountainproject.com/route/106395387/alls-well-that-ends-well,"31.92707, -109.97864"
2025-01-01,Warpath,5.9- PG13,"Second bolt missing on p2, 1 #4 was enough, no nuts ",3,https://www.mountainproject.com/route/105876261/warpath,"31.9111, -110.0287"
2024-12-28,Coyote Tower,5.10c,,6,https://www.mountainproject.com/route/105809140/coyote-tower,"34.801, -111.75488"
2024-12-28,Oski,5.11c,"Right variation to p1 goes but hard, no nuts, single 3, 4 was good to have for p3",4,https://www.mountainproject.com/route/105808122/oski,"34.91227, -111.8774"
2024-12-27,Sandrailin',5.11-,"2x yellow totem, blue totem (1st/last pitch), .5, .75, no offset nuts",5,https://www.mountainproject.com/route/117767646/sandrailin,"34.91652, -111.87264"
2024-12-25,Dr. Rubo's Wild Ride,5.9+,"Can def rap with a single 60 into the notch, p3 traverse straight right don’t go up too soon, 3s for anchor",4,https://www.mountainproject.com/route/105789516/dr-rubos-wild-ride,"34.88502, -111.79434"
2024-12-24,Zephyr's Stairway,5.11-,"Wild last pitch, 1,2, 5, 4, .5",5,https://www.mountainproject.com/route/116242195/zephyrs-stairway,"34.89423, -111.75384"
2024-12-24,The Prow,5.11a,,2,https://www.mountainproject.com/route/105795099/the-prow,"35.13773, -112.02416"
2024-12-23,East of Eden,5.1,,2,https://www.mountainproject.com/route/105825623/east-of-eden,"35.13747, -112.02579"
2024-12-22,Cragaholic's Dream,5.10b/c,"3 4#s were used, could go without 5, no 6, no nuts, no triples.  There is a rap anchor left of the gully at the top. You rap to the bolt and sling.  Pull left and your ropes will pull clean. 90 minutes to the base at a slow pace.  Blue collar fun.  ",6,https://www.mountainproject.com/route/106109702/cragaholics-dream,"31.9299, -110.0095"
2024-11-30,Cold September Corner,5.8,,1,https://www.mountainproject.com/route/105732746/cold-september-corner,"36.145, -115.49403"
2024-11-30,Magellanic Cloud,5.9,,1,https://www.mountainproject.com/route/105732755/magellanic-cloud,"36.145, -115.49403"
2024-11-30,Mister Masters,5.9+,,1,https://www.mountainproject.com/route/105733163/mister-masters,"36.145, -115.49403"
2024-11-30,Spring Break,5.11+,,1,https://www.mountainproject.com/route/105732887/spring-break,"36.145, -115.49403"
2024-11-29,Western Swing,5.10.,,8,https://www.mountainproject.com/route/105733085/western-swing,"36.0192, -115.47011"
2024-11-28,Rose Hips,5.7+,,5,https://www.mountainproject.com/route/106121193/rose-hips,"36.11526, -115.48953"
2024-11-26,Dirty Deeds,5.12a,,1,https://www.mountainproject.com/route/111764666/dirty-deeds,"36.73445, -114.78819"
2024-11-26,Scherzo,5.12a,,1,https://www.mountainproject.com/route/116136679/scherzo,"36.7347, -114.78715"
2024-11-26,Badinerie,5.11c,,1,https://www.mountainproject.com/route/116136697/badinerie,"36.7347, -114.78715"
2024-11-26,Alligator Skin,5.10b,,1,https://www.mountainproject.com/route/108669224/alligator-skin,"36.74132, -114.79758"
2024-11-26,Snake Oil,5.10b,,1,https://www.mountainproject.com/route/108669229/snake-oil,"36.74132, -114.79758"
2024-11-26,The Gantry,5.10c,,1,https://www.mountainproject.com/route/108669236/the-gantry,"36.74132, -114.79758"
2024-11-25,Middle Child,5.10d,,1,https://www.mountainproject.com/route/122638908/middle-child,"36.14778, -115.42868"
2024-11-25,Green Eagle,5.12a,,1,https://www.mountainproject.com/route/116759913/green-eagle,"36.14778, -115.42868"
2024-11-25,Hodad,5.12a,,1,https://www.mountainproject.com/route/116759877/hodad,"36.14749, -115.42804"
2024-11-24,Intergalactic Slacks,5.8,,1,https://www.mountainproject.com/route/122638622/intergalactic-slacks,"36.14778, -115.42868"
2024-11-24,Lacertine,5.9,,1,https://www.mountainproject.com/route/122638309/lacertine,"36.14778, -115.42868"
2024-11-11,Monkeyfinger,5.12,"No nuts used. P2 .4 before the traverse right.    P3 .3 bd, black and blue totem, red c3 near the top, chimney is easy but can take a .4 or 2. ",9,https://www.mountainproject.com/route/105717820/monkeyfinger,"37.28494, -112.94922"
2024-11-08,Heroes Get Remembered,5.9,Lead in 3 with a 70,5,https://www.mountainproject.com/route/119396630/heroes-get-remembered,"37.19133, -113.64333"
2024-11-08,Harbingers,5.10c/d,"With TK, fun. 70m link works ",2,https://www.mountainproject.com/route/106405783/harbingers,"37.2939, -113.6932"
2024-11-08,Dark Prophet,5.12a,"With TK, so fun. Hard move before the first anchor.  Everything else goes easy. ",1,https://www.mountainproject.com/route/117991310/dark-prophet,"37.2939, -113.6932"